{
    "frames": [
        {
            "filename": "townsfolk_f_idle_1",
            "frame": {
                "w": 32,
                "h": 32,
                "x": 0,
                "y": 0
            },
            "anchor": {
                "x": 0.5,
                "y": 0.8
            }
        },
        {
            "filename": "townsfolk_f_idle_2",
            "frame": {
                "w": 32,
                "h": 32,
                "x": 32,
                "y": 0
            },
            "anchor": {
                "x": 0.5,
                "y": 0.8
            }
        },
        {
            "filename": "townsfolk_f_idle_3",
            "frame": {
                "w": 32,
                "h": 32,
                "x": 0,
                "y": 32
            },
            "anchor": {
                "x": 0.5,
                "y": 0.8
            }
        },
        {
            "filename": "townsfolk_f_idle_4",
            "frame": {
                "w": 32,
                "h": 32,
                "x": 32,
                "y": 32
            },
            "anchor": {
                "x": 0.5,
                "y": 0.8
            }
        },
        {
            "filename": "townsfolk_f_walk_1",
            "frame": {
                "w": 32,
                "h": 32,
                "x": 64,
                "y": 0
            },
            "anchor": {
                "x": 0.5,
                "y": 0.8
            }
        },
        {
            "filename": "townsfolk_f_walk_2",
            "frame": {
                "w": 32,
                "h": 32,
                "x": 64,
                "y": 32
            },
            "anchor": {
                "x": 0.5,
                "y": 0.8
            }
        },
        {
            "filename": "townsfolk_f_walk_3",
            "frame": {
                "w": 32,
                "h": 32,
                "x": 0,
                "y": 64
            },
            "anchor": {
                "x": 0.5,
                "y": 0.8
            }
        },
        {
            "filename": "townsfolk_f_walk_4",
            "frame": {
                "w": 32,
                "h": 32,
                "x": 32,
                "y": 64
            },
            "anchor": {
                "x": 0.5,
                "y": 0.8
            }
        }
    ],
    "meta": {
        "description": "Atlas generado con Atlas Packer Gamma V2",
        "web": "https://gammafp.github.io/atlas-packer-phaser/"
    }
}